{"cameraMode":{"drawMode":0,"name":"Shaded","section":"Shading Mode"},"sceneLighting":true,"audioPlay":false,"sceneViewState":{"m_AlwaysRefresh":false,"showFog":true,"showSkybox":true,"showFlares":true,"showImageEffects":true,"showParticleSystems":true,"showVisualEffectGraphs":true,"m_FxEnabled":true},"in2DMode":false,"pivot":{"x":-4.199520111083984,"y":26.17101287841797,"z":11.7930908203125},"rotation":{"x":0.007142093498259783,"y":-0.11464736610651016,"z":-0.0008267278899438679,"w":-0.9934008121490479},"size":35.63152313232422,"orthographic":false}