{"cameraMode":{"drawMode":0,"name":"Shaded","section":"Shading Mode"},"sceneLighting":false,"audioPlay":false,"sceneViewState":{"m_AlwaysRefresh":false,"showFog":true,"showSkybox":false,"showFlares":true,"showImageEffects":true,"showParticleSystems":true,"showVisualEffectGraphs":true,"m_FxEnabled":true},"in2DMode":false,"pivot":{"x":-0.04034575819969177,"y":-0.09459111094474793,"z":0.05427292734384537},"rotation":{"x":0.027461152523756028,"y":-0.35692816972732546,"z":0.01048736460506916,"w":0.9337117075920105},"size":0.13741658627986909,"orthographic":false}