{"cameraMode":{"drawMode":0,"name":"Shaded","section":"Shading Mode"},"sceneLighting":false,"audioPlay":false,"sceneViewState":{"m_AlwaysRefresh":false,"showFog":true,"showSkybox":false,"showFlares":true,"showImageEffects":true,"showParticleSystems":true,"showVisualEffectGraphs":true,"m_FxEnabled":true},"in2DMode":false,"pivot":{"x":1.8468984365463257,"y":1.5203251838684083,"z":2.8755836486816408},"rotation":{"x":-0.0706142708659172,"y":0.24433031678199769,"z":0.017842497676610948,"w":0.9669531583786011},"size":2.7764854431152345,"orthographic":false}